test_x_path;dataset_name;model_path;model_type;instance_id;baseline_num;baseline_seed;explainer;params;random_state
datasets/rossmann/x_test.csv;rossmann;datasets/rossmann/xgb.onnx;XGBoostRegression;39494;1000;2595;shap;"{""type"": ""random_shap""}";3129
datasets/rossmann/x_test.csv;rossmann;datasets/rossmann/xgb.onnx;XGBoostRegression;39494;1000;2595;shap;"{""type"": ""kernel_shap"", ""nsamples"": 17}";1078
datasets/rossmann/x_test.csv;rossmann;datasets/rossmann/xgb.onnx;XGBoostRegression;39494;1000;2595;shap;"{""type"": ""kernel_shap"", ""nsamples"": 17}";2980
datasets/rossmann/x_test.csv;rossmann;datasets/rossmann/xgb.onnx;XGBoostRegression;39494;1000;2595;shap;"{""type"": ""kernel_shap"", ""nsamples"": 17}";4264
datasets/rossmann/x_test.csv;rossmann;datasets/rossmann/xgb.onnx;XGBoostRegression;39494;1000;2595;shap;"{""type"": ""perm_shap"", ""nsamples"": 1}";4246
datasets/rossmann/x_test.csv;rossmann;datasets/rossmann/xgb.onnx;XGBoostRegression;39494;1000;2595;shap;"{""type"": ""perm_shap"", ""nsamples"": 1}";4397
datasets/rossmann/x_test.csv;rossmann;datasets/rossmann/xgb.onnx;XGBoostRegression;39494;1000;2595;shap;"{""type"": ""perm_shap"", ""nsamples"": 1}";4565
datasets/rossmann/x_test.csv;rossmann;datasets/rossmann/xgb.onnx;XGBoostRegression;39494;1000;2595;shap;"{""type"": ""sampling_shap"", ""nsamples"": 17}";2323
datasets/rossmann/x_test.csv;rossmann;datasets/rossmann/xgb.onnx;XGBoostRegression;39494;1000;2595;shap;"{""type"": ""sampling_shap"", ""nsamples"": 17}";2595
datasets/rossmann/x_test.csv;rossmann;datasets/rossmann/xgb.onnx;XGBoostRegression;39494;1000;2595;shap;"{""type"": ""sampling_shap"", ""nsamples"": 17}";4481
datasets/rossmann/x_test.csv;rossmann;datasets/rossmann/xgb.onnx;XGBoostRegression;39494;1000;2595;shap;"{""type"": ""kernel_shap"", ""nsamples"": 289}";1078
datasets/rossmann/x_test.csv;rossmann;datasets/rossmann/xgb.onnx;XGBoostRegression;39494;1000;2595;shap;"{""type"": ""kernel_shap"", ""nsamples"": 289}";2980
datasets/rossmann/x_test.csv;rossmann;datasets/rossmann/xgb.onnx;XGBoostRegression;39494;1000;2595;shap;"{""type"": ""kernel_shap"", ""nsamples"": 289}";4264
datasets/rossmann/x_test.csv;rossmann;datasets/rossmann/xgb.onnx;XGBoostRegression;39494;1000;2595;shap;"{""type"": ""perm_shap"", ""nsamples"": 17}";4246
datasets/rossmann/x_test.csv;rossmann;datasets/rossmann/xgb.onnx;XGBoostRegression;39494;1000;2595;shap;"{""type"": ""perm_shap"", ""nsamples"": 17}";4397
datasets/rossmann/x_test.csv;rossmann;datasets/rossmann/xgb.onnx;XGBoostRegression;39494;1000;2595;shap;"{""type"": ""perm_shap"", ""nsamples"": 17}";4565
datasets/rossmann/x_test.csv;rossmann;datasets/rossmann/xgb.onnx;XGBoostRegression;39494;1000;2595;shap;"{""type"": ""sampling_shap"", ""nsamples"": 289}";2323
datasets/rossmann/x_test.csv;rossmann;datasets/rossmann/xgb.onnx;XGBoostRegression;39494;1000;2595;shap;"{""type"": ""sampling_shap"", ""nsamples"": 289}";2595
datasets/rossmann/x_test.csv;rossmann;datasets/rossmann/xgb.onnx;XGBoostRegression;39494;1000;2595;shap;"{""type"": ""sampling_shap"", ""nsamples"": 289}";4481
datasets/rossmann/x_test.csv;rossmann;datasets/rossmann/xgb.onnx;XGBoostRegression;39494;1000;2595;shap;"{""type"": ""kernel_shap"", ""nsamples"": 2312}";1078
datasets/rossmann/x_test.csv;rossmann;datasets/rossmann/xgb.onnx;XGBoostRegression;39494;1000;2595;shap;"{""type"": ""kernel_shap"", ""nsamples"": 2312}";2980
datasets/rossmann/x_test.csv;rossmann;datasets/rossmann/xgb.onnx;XGBoostRegression;39494;1000;2595;shap;"{""type"": ""kernel_shap"", ""nsamples"": 2312}";4264
datasets/rossmann/x_test.csv;rossmann;datasets/rossmann/xgb.onnx;XGBoostRegression;39494;1000;2595;shap;"{""type"": ""perm_shap"", ""nsamples"": 136}";4246
datasets/rossmann/x_test.csv;rossmann;datasets/rossmann/xgb.onnx;XGBoostRegression;39494;1000;2595;shap;"{""type"": ""perm_shap"", ""nsamples"": 136}";4397
datasets/rossmann/x_test.csv;rossmann;datasets/rossmann/xgb.onnx;XGBoostRegression;39494;1000;2595;shap;"{""type"": ""perm_shap"", ""nsamples"": 136}";4565
datasets/rossmann/x_test.csv;rossmann;datasets/rossmann/xgb.onnx;XGBoostRegression;39494;1000;2595;shap;"{""type"": ""sampling_shap"", ""nsamples"": 2312}";2323
datasets/rossmann/x_test.csv;rossmann;datasets/rossmann/xgb.onnx;XGBoostRegression;39494;1000;2595;shap;"{""type"": ""sampling_shap"", ""nsamples"": 2312}";2595
datasets/rossmann/x_test.csv;rossmann;datasets/rossmann/xgb.onnx;XGBoostRegression;39494;1000;2595;shap;"{""type"": ""sampling_shap"", ""nsamples"": 2312}";4481
datasets/rossmann/x_test.csv;rossmann;datasets/rossmann/xgb.onnx;XGBoostRegression;39494;1000;2595;lime;"{""categorical_features"": [0, 1, 2, 3, 4, 5, 6, 7, 8, 9, 10, 11, 12], ""num_samples"": 17}";1411
datasets/rossmann/x_test.csv;rossmann;datasets/rossmann/xgb.onnx;XGBoostRegression;39494;1000;2595;lime;"{""categorical_features"": [0, 1, 2, 3, 4, 5, 6, 7, 8, 9, 10, 11, 12], ""num_samples"": 289}";1411
datasets/rossmann/x_test.csv;rossmann;datasets/rossmann/xgb.onnx;XGBoostRegression;39494;1000;2595;lime;"{""categorical_features"": [0, 1, 2, 3, 4, 5, 6, 7, 8, 9, 10, 11, 12], ""num_samples"": 2312}";1411
datasets/rossmann/x_test.csv;rossmann;datasets/rossmann/xgb.onnx;XGBoostRegression;39494;1000;2595;lime;"{""categorical_features"": [0, 1, 2, 3, 4, 5, 6, 7, 8, 9, 10, 11, 12], ""num_samples"": 17}";2823
datasets/rossmann/x_test.csv;rossmann;datasets/rossmann/xgb.onnx;XGBoostRegression;39494;1000;2595;lime;"{""categorical_features"": [0, 1, 2, 3, 4, 5, 6, 7, 8, 9, 10, 11, 12], ""num_samples"": 289}";2823
datasets/rossmann/x_test.csv;rossmann;datasets/rossmann/xgb.onnx;XGBoostRegression;39494;1000;2595;lime;"{""categorical_features"": [0, 1, 2, 3, 4, 5, 6, 7, 8, 9, 10, 11, 12], ""num_samples"": 2312}";2823
datasets/rossmann/x_test.csv;rossmann;datasets/rossmann/xgb.onnx;XGBoostRegression;39494;1000;2595;lime;"{""categorical_features"": [0, 1, 2, 3, 4, 5, 6, 7, 8, 9, 10, 11, 12], ""num_samples"": 17}";3100
datasets/rossmann/x_test.csv;rossmann;datasets/rossmann/xgb.onnx;XGBoostRegression;39494;1000;2595;lime;"{""categorical_features"": [0, 1, 2, 3, 4, 5, 6, 7, 8, 9, 10, 11, 12], ""num_samples"": 289}";3100
datasets/rossmann/x_test.csv;rossmann;datasets/rossmann/xgb.onnx;XGBoostRegression;39494;1000;2595;lime;"{""categorical_features"": [0, 1, 2, 3, 4, 5, 6, 7, 8, 9, 10, 11, 12], ""num_samples"": 2312}";3100
datasets/rossmann/x_test.csv;rossmann;datasets/rossmann/xgb.onnx;XGBoostRegression;39494;1000;2595;hyperx;"{""lowest_s_card"": 0, ""highest_s_card"": 1, ""p"": 1, ""centrality"": ""eigenvector"", ""p_normalization"": 1, ""omega"": ""uniform""}";
datasets/rossmann/x_test.csv;rossmann;datasets/rossmann/xgb.onnx;XGBoostRegression;39494;1000;2595;hyperx;"{""lowest_s_card"": 0, ""highest_s_card"": 1, ""p"": 2, ""centrality"": ""eigenvector"", ""p_normalization"": 1, ""omega"": ""uniform""}";
datasets/rossmann/x_test.csv;rossmann;datasets/rossmann/xgb.onnx;XGBoostRegression;39494;1000;2595;hyperx;"{""lowest_s_card"": 0, ""highest_s_card"": 1, ""p"": 10, ""centrality"": ""eigenvector"", ""p_normalization"": 1, ""omega"": ""uniform""}";
datasets/rossmann/x_test.csv;rossmann;datasets/rossmann/xgb.onnx;XGBoostRegression;39494;1000;2595;hyperx;"{""lowest_s_card"": 0, ""highest_s_card"": 2, ""p"": 1, ""centrality"": ""eigenvector"", ""p_normalization"": 1, ""omega"": ""uniform""}";
datasets/rossmann/x_test.csv;rossmann;datasets/rossmann/xgb.onnx;XGBoostRegression;39494;1000;2595;hyperx;"{""lowest_s_card"": 0, ""highest_s_card"": 2, ""p"": 2, ""centrality"": ""eigenvector"", ""p_normalization"": 1, ""omega"": ""uniform""}";
datasets/rossmann/x_test.csv;rossmann;datasets/rossmann/xgb.onnx;XGBoostRegression;39494;1000;2595;hyperx;"{""lowest_s_card"": 0, ""highest_s_card"": 2, ""p"": 10, ""centrality"": ""eigenvector"", ""p_normalization"": 1, ""omega"": ""uniform""}";
datasets/rossmann/x_test.csv;rossmann;datasets/rossmann/xgb.onnx;XGBoostRegression;39494;1000;2595;hyperx;"{""lowest_s_card"": 0, ""highest_s_card"": 3, ""p"": 1, ""centrality"": ""eigenvector"", ""p_normalization"": 1, ""omega"": ""uniform""}";
datasets/rossmann/x_test.csv;rossmann;datasets/rossmann/xgb.onnx;XGBoostRegression;39494;1000;2595;hyperx;"{""lowest_s_card"": 0, ""highest_s_card"": 3, ""p"": 2, ""centrality"": ""eigenvector"", ""p_normalization"": 1, ""omega"": ""uniform""}";
datasets/rossmann/x_test.csv;rossmann;datasets/rossmann/xgb.onnx;XGBoostRegression;39494;1000;2595;hyperx;"{""lowest_s_card"": 0, ""highest_s_card"": 3, ""p"": 10, ""centrality"": ""eigenvector"", ""p_normalization"": 1, ""omega"": ""uniform""}";
datasets/rossmann/x_test.csv;rossmann;datasets/rossmann/xgb.onnx;XGBoostRegression;39494;1000;2595;hyperx;"{""lowest_s_card"": 16, ""highest_s_card"": 17, ""p"": 1, ""centrality"": ""eigenvector"", ""p_normalization"": 1, ""omega"": ""uniform""}";
datasets/rossmann/x_test.csv;rossmann;datasets/rossmann/xgb.onnx;XGBoostRegression;39494;1000;2595;hyperx;"{""lowest_s_card"": 16, ""highest_s_card"": 17, ""p"": 2, ""centrality"": ""eigenvector"", ""p_normalization"": 1, ""omega"": ""uniform""}";
datasets/rossmann/x_test.csv;rossmann;datasets/rossmann/xgb.onnx;XGBoostRegression;39494;1000;2595;hyperx;"{""lowest_s_card"": 16, ""highest_s_card"": 17, ""p"": 10, ""centrality"": ""eigenvector"", ""p_normalization"": 1, ""omega"": ""uniform""}";
datasets/rossmann/x_test.csv;rossmann;datasets/rossmann/xgb.onnx;XGBoostRegression;39494;1000;2595;hyperx;"{""lowest_s_card"": 15, ""highest_s_card"": 17, ""p"": 1, ""centrality"": ""eigenvector"", ""p_normalization"": 1, ""omega"": ""uniform""}";
datasets/rossmann/x_test.csv;rossmann;datasets/rossmann/xgb.onnx;XGBoostRegression;39494;1000;2595;hyperx;"{""lowest_s_card"": 15, ""highest_s_card"": 17, ""p"": 2, ""centrality"": ""eigenvector"", ""p_normalization"": 1, ""omega"": ""uniform""}";
datasets/rossmann/x_test.csv;rossmann;datasets/rossmann/xgb.onnx;XGBoostRegression;39494;1000;2595;hyperx;"{""lowest_s_card"": 15, ""highest_s_card"": 17, ""p"": 10, ""centrality"": ""eigenvector"", ""p_normalization"": 1, ""omega"": ""uniform""}";
datasets/rossmann/x_test.csv;rossmann;datasets/rossmann/xgb.onnx;XGBoostRegression;39494;1000;2595;hyperx;"{""lowest_s_card"": 14, ""highest_s_card"": 17, ""p"": 1, ""centrality"": ""eigenvector"", ""p_normalization"": 1, ""omega"": ""uniform""}";
datasets/rossmann/x_test.csv;rossmann;datasets/rossmann/xgb.onnx;XGBoostRegression;39494;1000;2595;hyperx;"{""lowest_s_card"": 14, ""highest_s_card"": 17, ""p"": 2, ""centrality"": ""eigenvector"", ""p_normalization"": 1, ""omega"": ""uniform""}";
datasets/rossmann/x_test.csv;rossmann;datasets/rossmann/xgb.onnx;XGBoostRegression;39494;1000;2595;hyperx;"{""lowest_s_card"": 14, ""highest_s_card"": 17, ""p"": 10, ""centrality"": ""eigenvector"", ""p_normalization"": 1, ""omega"": ""uniform""}";
datasets/rossmann/x_test.csv;rossmann;datasets/rossmann/xgb.onnx;XGBoostRegression;39494;1000;2595;hyperx;"{""lowest_s_card"": 0, ""highest_s_card"": 1, ""centrality"": ""degree"", ""omega"": ""uniform"", ""p_normalization"": 1}";
datasets/rossmann/x_test.csv;rossmann;datasets/rossmann/xgb.onnx;XGBoostRegression;39494;1000;2595;hyperx;"{""lowest_s_card"": 0, ""highest_s_card"": 2, ""centrality"": ""degree"", ""omega"": ""uniform"", ""p_normalization"": 1}";
datasets/rossmann/x_test.csv;rossmann;datasets/rossmann/xgb.onnx;XGBoostRegression;39494;1000;2595;hyperx;"{""lowest_s_card"": 0, ""highest_s_card"": 3, ""centrality"": ""degree"", ""omega"": ""uniform"", ""p_normalization"": 1}";
datasets/rossmann/x_test.csv;rossmann;datasets/rossmann/xgb.onnx;XGBoostRegression;39494;1000;2595;hyperx;"{""lowest_s_card"": 16, ""highest_s_card"": 17, ""centrality"": ""degree"", ""omega"": ""uniform"", ""p_normalization"": 1}";
datasets/rossmann/x_test.csv;rossmann;datasets/rossmann/xgb.onnx;XGBoostRegression;39494;1000;2595;hyperx;"{""lowest_s_card"": 15, ""highest_s_card"": 17, ""centrality"": ""degree"", ""omega"": ""uniform"", ""p_normalization"": 1}";
datasets/rossmann/x_test.csv;rossmann;datasets/rossmann/xgb.onnx;XGBoostRegression;39494;1000;2595;hyperx;"{""lowest_s_card"": 14, ""highest_s_card"": 17, ""centrality"": ""degree"", ""omega"": ""uniform"", ""p_normalization"": 1}";
datasets/census/x_test.csv;census;datasets/census/model.pt;TorchBlackBox;1072;1000;3129;shap;"{""type"": ""random_shap""}";2510
datasets/census/x_test.csv;census;datasets/census/model.pt;TorchBlackBox;1072;1000;3129;shap;"{""type"": ""kernel_shap"", ""nsamples"": 13}";1411
datasets/census/x_test.csv;census;datasets/census/model.pt;TorchBlackBox;1072;1000;3129;shap;"{""type"": ""kernel_shap"", ""nsamples"": 13}";2498
datasets/census/x_test.csv;census;datasets/census/model.pt;TorchBlackBox;1072;1000;3129;shap;"{""type"": ""kernel_shap"", ""nsamples"": 13}";3100
datasets/census/x_test.csv;census;datasets/census/model.pt;TorchBlackBox;1072;1000;3129;shap;"{""type"": ""perm_shap"", ""nsamples"": 1}";3932
datasets/census/x_test.csv;census;datasets/census/model.pt;TorchBlackBox;1072;1000;3129;shap;"{""type"": ""perm_shap"", ""nsamples"": 1}";4305
datasets/census/x_test.csv;census;datasets/census/model.pt;TorchBlackBox;1072;1000;3129;shap;"{""type"": ""perm_shap"", ""nsamples"": 1}";3956
datasets/census/x_test.csv;census;datasets/census/model.pt;TorchBlackBox;1072;1000;3129;shap;"{""type"": ""sampling_shap"", ""nsamples"": 13}";3932
datasets/census/x_test.csv;census;datasets/census/model.pt;TorchBlackBox;1072;1000;3129;shap;"{""type"": ""sampling_shap"", ""nsamples"": 13}";4305
datasets/census/x_test.csv;census;datasets/census/model.pt;TorchBlackBox;1072;1000;3129;shap;"{""type"": ""sampling_shap"", ""nsamples"": 13}";3956
datasets/census/x_test.csv;census;datasets/census/model.pt;TorchBlackBox;1072;1000;3129;shap;"{""type"": ""kernel_shap"", ""nsamples"": 169}";1411
datasets/census/x_test.csv;census;datasets/census/model.pt;TorchBlackBox;1072;1000;3129;shap;"{""type"": ""kernel_shap"", ""nsamples"": 169}";2823
datasets/census/x_test.csv;census;datasets/census/model.pt;TorchBlackBox;1072;1000;3129;shap;"{""type"": ""kernel_shap"", ""nsamples"": 169}";3100
datasets/census/x_test.csv;census;datasets/census/model.pt;TorchBlackBox;1072;1000;3129;shap;"{""type"": ""perm_shap"", ""nsamples"": 13}";3932
datasets/census/x_test.csv;census;datasets/census/model.pt;TorchBlackBox;1072;1000;3129;shap;"{""type"": ""perm_shap"", ""nsamples"": 13}";4305
datasets/census/x_test.csv;census;datasets/census/model.pt;TorchBlackBox;1072;1000;3129;shap;"{""type"": ""perm_shap"", ""nsamples"": 13}";3956
datasets/census/x_test.csv;census;datasets/census/model.pt;TorchBlackBox;1072;1000;3129;shap;"{""type"": ""sampling_shap"", ""nsamples"": 169}";2498
datasets/census/x_test.csv;census;datasets/census/model.pt;TorchBlackBox;1072;1000;3129;shap;"{""type"": ""sampling_shap"", ""nsamples"": 169}";4309
datasets/census/x_test.csv;census;datasets/census/model.pt;TorchBlackBox;1072;1000;3129;shap;"{""type"": ""sampling_shap"", ""nsamples"": 169}";4918
datasets/census/x_test.csv;census;datasets/census/model.pt;TorchBlackBox;1072;1000;3129;shap;"{""type"": ""kernel_shap"", ""nsamples"": 1014}";2823
datasets/census/x_test.csv;census;datasets/census/model.pt;TorchBlackBox;1072;1000;3129;shap;"{""type"": ""kernel_shap"", ""nsamples"": 1014}";3100
datasets/census/x_test.csv;census;datasets/census/model.pt;TorchBlackBox;1072;1000;3129;shap;"{""type"": ""kernel_shap"", ""nsamples"": 1014}";1411
datasets/census/x_test.csv;census;datasets/census/model.pt;TorchBlackBox;1072;1000;3129;shap;"{""type"": ""perm_shap"", ""nsamples"": 78}";3932
datasets/census/x_test.csv;census;datasets/census/model.pt;TorchBlackBox;1072;1000;3129;shap;"{""type"": ""perm_shap"", ""nsamples"": 78}";4305
datasets/census/x_test.csv;census;datasets/census/model.pt;TorchBlackBox;1072;1000;3129;shap;"{""type"": ""perm_shap"", ""nsamples"": 78}";3956
datasets/census/x_test.csv;census;datasets/census/model.pt;TorchBlackBox;1072;1000;3129;shap;"{""type"": ""sampling_shap"", ""nsamples"": 1014}";4918
datasets/census/x_test.csv;census;datasets/census/model.pt;TorchBlackBox;1072;1000;3129;shap;"{""type"": ""sampling_shap"", ""nsamples"": 1014}";2498
datasets/census/x_test.csv;census;datasets/census/model.pt;TorchBlackBox;1072;1000;3129;shap;"{""type"": ""sampling_shap"", ""nsamples"": 1014}";4309
datasets/census/x_test.csv;census;datasets/census/model.pt;TorchBlackBox;1072;1000;3129;lime;"{""categorical_features"": [1, 2, 4, 5, 6, 7, 8, 12], ""num_samples"": 13}";3914
datasets/census/x_test.csv;census;datasets/census/model.pt;TorchBlackBox;1072;1000;3129;lime;"{""categorical_features"": [1, 2, 4, 5, 6, 7, 8, 12], ""num_samples"": 169}";3914
datasets/census/x_test.csv;census;datasets/census/model.pt;TorchBlackBox;1072;1000;3129;lime;"{""categorical_features"": [1, 2, 4, 5, 6, 7, 8, 12], ""num_samples"": 1014}";3914
datasets/census/x_test.csv;census;datasets/census/model.pt;TorchBlackBox;1072;1000;3129;lime;"{""categorical_features"": [1, 2, 4, 5, 6, 7, 8, 12], ""num_samples"": 13}";4050
datasets/census/x_test.csv;census;datasets/census/model.pt;TorchBlackBox;1072;1000;3129;lime;"{""categorical_features"": [1, 2, 4, 5, 6, 7, 8, 12], ""num_samples"": 169}";4050
datasets/census/x_test.csv;census;datasets/census/model.pt;TorchBlackBox;1072;1000;3129;lime;"{""categorical_features"": [1, 2, 4, 5, 6, 7, 8, 12], ""num_samples"": 1014}";4050
datasets/census/x_test.csv;census;datasets/census/model.pt;TorchBlackBox;1072;1000;3129;lime;"{""categorical_features"": [1, 2, 4, 5, 6, 7, 8, 12], ""num_samples"": 13}";4578
datasets/census/x_test.csv;census;datasets/census/model.pt;TorchBlackBox;1072;1000;3129;lime;"{""categorical_features"": [1, 2, 4, 5, 6, 7, 8, 12], ""num_samples"": 169}";4578
datasets/census/x_test.csv;census;datasets/census/model.pt;TorchBlackBox;1072;1000;3129;lime;"{""categorical_features"": [1, 2, 4, 5, 6, 7, 8, 12], ""num_samples"": 1014}";4578
datasets/census/x_test.csv;census;datasets/census/model.pt;TorchBlackBox;1072;1000;3129;hyperx;"{""lowest_s_card"": 0, ""highest_s_card"": 1, ""p"": 1, ""centrality"": ""eigenvector"", ""p_normalization"": 1, ""omega"": ""uniform""}";
datasets/census/x_test.csv;census;datasets/census/model.pt;TorchBlackBox;1072;1000;3129;hyperx;"{""lowest_s_card"": 0, ""highest_s_card"": 1, ""p"": 2, ""centrality"": ""eigenvector"", ""p_normalization"": 1, ""omega"": ""uniform""}";
datasets/census/x_test.csv;census;datasets/census/model.pt;TorchBlackBox;1072;1000;3129;hyperx;"{""lowest_s_card"": 0, ""highest_s_card"": 1, ""p"": 10, ""centrality"": ""eigenvector"", ""p_normalization"": 1, ""omega"": ""uniform""}";
datasets/census/x_test.csv;census;datasets/census/model.pt;TorchBlackBox;1072;1000;3129;hyperx;"{""lowest_s_card"": 0, ""highest_s_card"": 2, ""p"": 1, ""centrality"": ""eigenvector"", ""p_normalization"": 1, ""omega"": ""uniform""}";
datasets/census/x_test.csv;census;datasets/census/model.pt;TorchBlackBox;1072;1000;3129;hyperx;"{""lowest_s_card"": 0, ""highest_s_card"": 2, ""p"": 2, ""centrality"": ""eigenvector"", ""p_normalization"": 1, ""omega"": ""uniform""}";
datasets/census/x_test.csv;census;datasets/census/model.pt;TorchBlackBox;1072;1000;3129;hyperx;"{""lowest_s_card"": 0, ""highest_s_card"": 2, ""p"": 10, ""centrality"": ""eigenvector"", ""p_normalization"": 1, ""omega"": ""uniform""}";
datasets/census/x_test.csv;census;datasets/census/model.pt;TorchBlackBox;1072;1000;3129;hyperx;"{""lowest_s_card"": 0, ""highest_s_card"": 3, ""p"": 1, ""centrality"": ""eigenvector"", ""p_normalization"": 1, ""omega"": ""uniform""}";
datasets/census/x_test.csv;census;datasets/census/model.pt;TorchBlackBox;1072;1000;3129;hyperx;"{""lowest_s_card"": 0, ""highest_s_card"": 3, ""p"": 2, ""centrality"": ""eigenvector"", ""p_normalization"": 1, ""omega"": ""uniform""}";
datasets/census/x_test.csv;census;datasets/census/model.pt;TorchBlackBox;1072;1000;3129;hyperx;"{""lowest_s_card"": 0, ""highest_s_card"": 3, ""p"": 10, ""centrality"": ""eigenvector"", ""p_normalization"": 1, ""omega"": ""uniform""}";
datasets/census/x_test.csv;census;datasets/census/model.pt;TorchBlackBox;1072;1000;3129;hyperx;"{""lowest_s_card"": 12, ""highest_s_card"": 13, ""p"": 1, ""centrality"": ""eigenvector"", ""p_normalization"": 1, ""omega"": ""uniform""}";
datasets/census/x_test.csv;census;datasets/census/model.pt;TorchBlackBox;1072;1000;3129;hyperx;"{""lowest_s_card"": 12, ""highest_s_card"": 13, ""p"": 2, ""centrality"": ""eigenvector"", ""p_normalization"": 1, ""omega"": ""uniform""}";
datasets/census/x_test.csv;census;datasets/census/model.pt;TorchBlackBox;1072;1000;3129;hyperx;"{""lowest_s_card"": 12, ""highest_s_card"": 13, ""p"": 10, ""centrality"": ""eigenvector"", ""p_normalization"": 1, ""omega"": ""uniform""}";
datasets/census/x_test.csv;census;datasets/census/model.pt;TorchBlackBox;1072;1000;3129;hyperx;"{""lowest_s_card"": 11, ""highest_s_card"": 13, ""p"": 1, ""centrality"": ""eigenvector"", ""p_normalization"": 1, ""omega"": ""uniform""}";
datasets/census/x_test.csv;census;datasets/census/model.pt;TorchBlackBox;1072;1000;3129;hyperx;"{""lowest_s_card"": 11, ""highest_s_card"": 13, ""p"": 2, ""centrality"": ""eigenvector"", ""p_normalization"": 1, ""omega"": ""uniform""}";
datasets/census/x_test.csv;census;datasets/census/model.pt;TorchBlackBox;1072;1000;3129;hyperx;"{""lowest_s_card"": 11, ""highest_s_card"": 13, ""p"": 10, ""centrality"": ""eigenvector"", ""p_normalization"": 1, ""omega"": ""uniform""}";
datasets/census/x_test.csv;census;datasets/census/model.pt;TorchBlackBox;1072;1000;3129;hyperx;"{""lowest_s_card"": 10, ""highest_s_card"": 13, ""p"": 1, ""centrality"": ""eigenvector"", ""p_normalization"": 1, ""omega"": ""uniform""}";
datasets/census/x_test.csv;census;datasets/census/model.pt;TorchBlackBox;1072;1000;3129;hyperx;"{""lowest_s_card"": 10, ""highest_s_card"": 13, ""p"": 2, ""centrality"": ""eigenvector"", ""p_normalization"": 1, ""omega"": ""uniform""}";
datasets/census/x_test.csv;census;datasets/census/model.pt;TorchBlackBox;1072;1000;3129;hyperx;"{""lowest_s_card"": 10, ""highest_s_card"": 13, ""p"": 10, ""centrality"": ""eigenvector"", ""p_normalization"": 1, ""omega"": ""uniform""}";
datasets/census/x_test.csv;census;datasets/census/model.pt;TorchBlackBox;1072;1000;3129;hyperx;"{""lowest_s_card"": 0, ""highest_s_card"": 1, ""centrality"": ""degree"", ""omega"": ""uniform"", ""p_normalization"": 1}";
datasets/census/x_test.csv;census;datasets/census/model.pt;TorchBlackBox;1072;1000;3129;hyperx;"{""lowest_s_card"": 0, ""highest_s_card"": 2, ""centrality"": ""degree"", ""omega"": ""uniform"", ""p_normalization"": 1}";
datasets/census/x_test.csv;census;datasets/census/model.pt;TorchBlackBox;1072;1000;3129;hyperx;"{""lowest_s_card"": 0, ""highest_s_card"": 3, ""centrality"": ""degree"", ""omega"": ""uniform"", ""p_normalization"": 1}";
datasets/census/x_test.csv;census;datasets/census/model.pt;TorchBlackBox;1072;1000;3129;hyperx;"{""lowest_s_card"": 12, ""highest_s_card"": 13, ""centrality"": ""degree"", ""omega"": ""uniform"", ""p_normalization"": 1}";
datasets/census/x_test.csv;census;datasets/census/model.pt;TorchBlackBox;1072;1000;3129;hyperx;"{""lowest_s_card"": 11, ""highest_s_card"": 13, ""centrality"": ""degree"", ""omega"": ""uniform"", ""p_normalization"": 1}";
datasets/census/x_test.csv;census;datasets/census/model.pt;TorchBlackBox;1072;1000;3129;hyperx;"{""lowest_s_card"": 10, ""highest_s_card"": 13, ""centrality"": ""degree"", ""omega"": ""uniform"", ""p_normalization"": 1}";
